{
  "modPriorities": [
    "modern_industrialization",
    "minecraft",
    "tconstruct",
    "ad_astra",
    "create",
    "createplus",
    "indrev",
    "bewitchment",
    "hexcasting",
    "techreborn",
    "croptopia",
    "tinycoal",
    "ae2",
    "catwalksinc"
  ],
  "stoneStrata": [
    "stone",
    "nether",
    "deepslate",
    "granite",
    "diorite",
    "andesite"
  ],
  "tags": [
    "c:{material}_nuggets",
    "c:{material}_dusts",
    "c:{material}_gears",
    "c:{material}_gems",
    "c:{material}_ingots",
    "c:{material}_raw_materials",
    "c:{material}_ores",
    "c:{material}_plates",
    "c:{material}_rods",
    "c:{material}_wires",
    "c:{material}_storage_blocks",
    "c:raw_{material}_storage_blocks"
  ],
  "materials": [
    "aluminum",
    "bauxite",
    "bronze",
    "chrome",
    "coal",
    "copper",
    "diamond",
    "electrum",
    "emerald",
    "gold",
    "invar",
    "iridium",
    "iron",
    "lapis",
    "lead",
    "manganese",
    "nickel",
    "platinum",
    "quartz",
    "ruby",
    "silicon",
    "silver",
    "steel",
    "sulfur",
    "tin",
    "titanium",
    "tungsten",
    "salt",
    "carbon",
    "brass",
    "zinc",
    "amethyst"
  ],
  "priorityOverrides": {},
  "ignoredTags": [],
  "ignoredItems": [],
  "ignoredRecipeTypes": [],
  "ignoredRecipes": [],
  "itemsHidingJeiRei": true
}